photo_gray16_9mp.png	libpng-zlibng	56.978128	74.295963
photo_gray16_9mp.png	spng-zlibng	91.507293	76.547787
photo_gray16_9mp.png	libpng-zlib	64.145808	81.242093
photo_gray16_9mp.png	spng-zlib	98.713881	84.233995
photo_gray16_9mp.png	spng-zlibng	91.036997	76.589615
photo_gray16_9mp.png	libpng-zlib	64.098447	81.360030
photo_gray16_9mp.png	spng-zlib	98.670673	84.147935
photo_gray16_9mp.png	libpng-zlibng	56.857883	74.205831
photo_gray16_9mp.png	libpng-zlib	64.188729	81.413479
photo_gray16_9mp.png	spng-zlib	97.998472	84.156212
photo_gray16_9mp.png	libpng-zlibng	56.946462	74.296651
photo_gray16_9mp.png	spng-zlibng	91.316102	76.785191
photo_gray16_9mp.png	spng-zlib	98.878457	84.305423
photo_gray16_9mp.png	libpng-zlibng	56.929663	74.495890
photo_gray16_9mp.png	spng-zlibng	90.863326	76.533286
photo_gray16_9mp.png	libpng-zlib	64.059618	81.335424
photo_gray16_9mp.png	libpng-zlibng	56.717301	74.149218
photo_gray16_9mp.png	spng-zlibng	91.175457	76.714112
photo_gray16_9mp.png	libpng-zlib	64.061517	81.328817
photo_gray16_9mp.png	spng-zlib	98.467713	84.131022
photo_gray16_9mp.png	spng-zlibng	90.943295	76.712106
photo_gray16_9mp.png	libpng-zlib	64.008381	81.324795
photo_gray16_9mp.png	spng-zlib	98.087859	84.110633
photo_gray16_9mp.png	libpng-zlibng	56.617860	74.043798
photo_gray16_9mp.png	libpng-zlib	64.171573	81.411401
photo_gray16_9mp.png	spng-zlib	98.731648	84.340102
photo_gray16_9mp.png	libpng-zlibng	56.709723	74.156568
photo_gray16_9mp.png	spng-zlibng	91.673315	77.156415
photo_gray8_20mp.png	libpng-zlibng	81.762337	108.886136
photo_gray8_20mp.png	spng-zlibng	88.600529	140.633528
photo_gray8_20mp.png	libpng-zlib	98.618592	125.858931
photo_gray8_20mp.png	spng-zlib	104.632854	157.223486
photo_gray8_20mp.png	spng-zlibng	88.551673	140.480429
photo_gray8_20mp.png	libpng-zlib	98.614560	125.752665
photo_gray8_20mp.png	spng-zlib	104.653878	157.169137
photo_gray8_20mp.png	libpng-zlibng	81.822408	108.749293
photo_gray8_20mp.png	libpng-zlib	98.529442	125.414973
photo_gray8_20mp.png	spng-zlib	104.717270	156.611207
photo_gray8_20mp.png	libpng-zlibng	81.904651	109.453999
photo_gray8_20mp.png	spng-zlibng	88.566665	141.279413
photo_gray8_20mp.png	spng-zlib	104.688057	156.621274
photo_gray8_20mp.png	libpng-zlibng	81.741008	108.742503
photo_gray8_20mp.png	spng-zlibng	88.467268	141.102538
photo_gray8_20mp.png	libpng-zlib	98.653903	125.958615
photo_gray8_20mp.png	libpng-zlibng	82.018480	108.864977
photo_gray8_20mp.png	spng-zlibng	88.514922	140.545382
photo_gray8_20mp.png	libpng-zlib	98.625908	126.103012
photo_gray8_20mp.png	spng-zlib	104.659291	157.448711
photo_gray8_20mp.png	spng-zlibng	88.517009	140.913885
photo_gray8_20mp.png	libpng-zlib	98.530465	125.563510
photo_gray8_20mp.png	spng-zlib	104.591404	157.181069
photo_gray8_20mp.png	libpng-zlibng	81.766481	109.523488
photo_gray8_20mp.png	libpng-zlib	98.799978	126.719994
photo_gray8_20mp.png	spng-zlib	104.725055	156.945965
photo_gray8_20mp.png	libpng-zlibng	81.812884	109.291583
photo_gray8_20mp.png	spng-zlibng	88.587582	141.194831
photo_rgb16_9mp.png	libpng-zlibng	150.405639	142.981724
photo_rgb16_9mp.png	spng-zlibng	243.015098	228.423832
photo_rgb16_9mp.png	libpng-zlib	186.475491	179.163669
photo_rgb16_9mp.png	spng-zlib	277.916538	263.631427
photo_rgb16_9mp.png	spng-zlibng	243.008053	228.405908
photo_rgb16_9mp.png	libpng-zlib	186.682429	179.139540
photo_rgb16_9mp.png	spng-zlib	277.464435	263.579705
photo_rgb16_9mp.png	libpng-zlibng	150.229682	142.781321
photo_rgb16_9mp.png	libpng-zlib	186.433470	178.955160
photo_rgb16_9mp.png	spng-zlib	277.495740	263.489557
photo_rgb16_9mp.png	libpng-zlibng	150.360766	142.942002
photo_rgb16_9mp.png	spng-zlibng	242.439046	228.324312
photo_rgb16_9mp.png	spng-zlib	277.886558	263.382183
photo_rgb16_9mp.png	libpng-zlibng	150.262491	142.900450
photo_rgb16_9mp.png	spng-zlibng	242.886107	228.492317
photo_rgb16_9mp.png	libpng-zlib	186.467934	179.083751
photo_rgb16_9mp.png	libpng-zlibng	150.409985	142.967250
photo_rgb16_9mp.png	spng-zlibng	242.405596	228.373002
photo_rgb16_9mp.png	libpng-zlib	186.497250	179.115704
photo_rgb16_9mp.png	spng-zlib	277.575744	263.712158
photo_rgb16_9mp.png	spng-zlibng	242.856047	228.540253
photo_rgb16_9mp.png	libpng-zlib	186.829631	179.447984
photo_rgb16_9mp.png	spng-zlib	277.811286	263.622888
photo_rgb16_9mp.png	libpng-zlibng	150.333375	142.917388
photo_rgb16_9mp.png	libpng-zlib	186.579098	179.373384
photo_rgb16_9mp.png	spng-zlib	277.767864	263.617332
photo_rgb16_9mp.png	libpng-zlibng	150.115596	142.768050
photo_rgb16_9mp.png	spng-zlibng	242.525945	228.483799
photo_rgb8_20mp.png	libpng-zlibng	176.750993	160.146601
photo_rgb8_20mp.png	spng-zlibng	168.887752	152.863816
photo_rgb8_20mp.png	libpng-zlib	203.968648	187.362297
photo_rgb8_20mp.png	spng-zlib	197.446681	181.359796
photo_rgb8_20mp.png	spng-zlibng	170.063479	153.674177
photo_rgb8_20mp.png	libpng-zlib	204.354400	187.645859
photo_rgb8_20mp.png	spng-zlib	197.867038	181.634769
photo_rgb8_20mp.png	libpng-zlibng	175.899585	159.571976
photo_rgb8_20mp.png	libpng-zlib	204.361017	187.357716
photo_rgb8_20mp.png	spng-zlib	197.638952	181.364692
photo_rgb8_20mp.png	libpng-zlibng	175.905809	159.798367
photo_rgb8_20mp.png	spng-zlibng	168.763494	153.133525
photo_rgb8_20mp.png	spng-zlib	196.792632	180.658997
photo_rgb8_20mp.png	libpng-zlibng	175.665364	159.524278
photo_rgb8_20mp.png	spng-zlibng	168.760590	153.177402
photo_rgb8_20mp.png	libpng-zlib	203.828420	187.635135
photo_rgb8_20mp.png	libpng-zlibng	176.132583	159.358348
photo_rgb8_20mp.png	spng-zlibng	168.979197	152.703885
photo_rgb8_20mp.png	libpng-zlib	202.977389	186.786915
photo_rgb8_20mp.png	spng-zlib	197.126030	180.973073
photo_rgb8_20mp.png	spng-zlibng	169.241686	153.085322
photo_rgb8_20mp.png	libpng-zlib	203.619910	187.110676
photo_rgb8_20mp.png	spng-zlib	197.272343	181.570734
photo_rgb8_20mp.png	libpng-zlibng	176.512903	159.910987
photo_rgb8_20mp.png	libpng-zlib	204.060576	187.290711
photo_rgb8_20mp.png	spng-zlib	197.218765	181.694483
photo_rgb8_20mp.png	libpng-zlibng	175.599213	159.348218
photo_rgb8_20mp.png	spng-zlibng	169.697984	153.418600
photo_rgb8_2mp.png	libpng-zlibng	16.295312	14.414841
photo_rgb8_2mp.png	spng-zlibng	17.421011	14.051464
photo_rgb8_2mp.png	libpng-zlib	20.725723	18.905575
photo_rgb8_2mp.png	spng-zlib	21.999059	18.633246
photo_rgb8_2mp.png	spng-zlibng	17.355461	14.089746
photo_rgb8_2mp.png	libpng-zlib	20.745316	18.917017
photo_rgb8_2mp.png	spng-zlib	21.931227	18.769890
photo_rgb8_2mp.png	libpng-zlibng	16.253100	14.416929
photo_rgb8_2mp.png	libpng-zlib	20.716749	18.892449
photo_rgb8_2mp.png	spng-zlib	22.043572	18.688028
photo_rgb8_2mp.png	libpng-zlibng	16.268353	14.408696
photo_rgb8_2mp.png	spng-zlibng	17.320467	14.021745
photo_rgb8_2mp.png	spng-zlib	21.871192	18.612740
photo_rgb8_2mp.png	libpng-zlibng	16.227381	14.412410
photo_rgb8_2mp.png	spng-zlibng	17.385326	14.033711
photo_rgb8_2mp.png	libpng-zlib	20.707453	18.877537
photo_rgb8_2mp.png	libpng-zlibng	16.232738	14.367177
photo_rgb8_2mp.png	spng-zlibng	17.327978	14.001465
photo_rgb8_2mp.png	libpng-zlib	20.704199	18.884660
photo_rgb8_2mp.png	spng-zlib	21.930515	18.613236
photo_rgb8_2mp.png	spng-zlibng	17.364385	13.971093
photo_rgb8_2mp.png	libpng-zlib	20.748030	18.933208
photo_rgb8_2mp.png	spng-zlib	21.965255	18.647831
photo_rgb8_2mp.png	libpng-zlibng	16.332903	14.430177
photo_rgb8_2mp.png	libpng-zlib	20.677935	18.857916
photo_rgb8_2mp.png	spng-zlib	21.878569	18.585143
photo_rgb8_2mp.png	libpng-zlibng	16.324244	14.429196
photo_rgb8_2mp.png	spng-zlibng	17.319500	14.010154
photo_rgba8_9mp.png	libpng-zlibng	92.013421	89.688509
photo_rgba8_9mp.png	spng-zlibng	89.768425	87.236394
photo_rgba8_9mp.png	libpng-zlib	114.165473	111.621708
photo_rgba8_9mp.png	spng-zlib	111.666578	109.349594
photo_rgba8_9mp.png	spng-zlibng	90.155828	87.422123
photo_rgba8_9mp.png	libpng-zlib	114.282214	111.516589
photo_rgba8_9mp.png	spng-zlib	111.776911	109.302949
photo_rgba8_9mp.png	libpng-zlibng	92.603794	89.807916
photo_rgba8_9mp.png	libpng-zlib	114.186718	111.494612
photo_rgba8_9mp.png	spng-zlib	111.991418	109.264904
photo_rgba8_9mp.png	libpng-zlibng	92.357913	89.606163
photo_rgba8_9mp.png	spng-zlibng	90.279262	88.008076
photo_rgba8_9mp.png	spng-zlib	112.276707	109.486476
photo_rgba8_9mp.png	libpng-zlibng	92.267903	89.933184
photo_rgba8_9mp.png	spng-zlibng	90.219424	87.631903
photo_rgba8_9mp.png	libpng-zlib	114.201652	111.496962
photo_rgba8_9mp.png	libpng-zlibng	92.478114	89.573394
photo_rgba8_9mp.png	spng-zlibng	89.832204	86.761455
photo_rgba8_9mp.png	libpng-zlib	114.086112	111.326601
photo_rgba8_9mp.png	spng-zlib	112.376480	109.877781
photo_rgba8_9mp.png	spng-zlibng	90.457429	87.255705
photo_rgba8_9mp.png	libpng-zlib	114.528934	112.146783
photo_rgba8_9mp.png	spng-zlib	112.518210	109.786374
photo_rgba8_9mp.png	libpng-zlibng	93.168839	90.304539
photo_rgba8_9mp.png	libpng-zlib	114.353839	112.170605
photo_rgba8_9mp.png	spng-zlib	112.829881	109.899910
photo_rgba8_9mp.png	libpng-zlibng	92.710305	90.196665
photo_rgba8_9mp.png	spng-zlibng	91.408189	88.548838
screenshot_pal8_4mp.png	libpng-zlibng	7.356969	3.964932
screenshot_pal8_4mp.png	spng-zlibng	9.577691	3.347946
screenshot_pal8_4mp.png	libpng-zlib	13.453869	10.108299
screenshot_pal8_4mp.png	spng-zlib	15.815829	9.381119
screenshot_pal8_4mp.png	spng-zlibng	9.522078	3.338704
screenshot_pal8_4mp.png	libpng-zlib	13.433293	10.080965
screenshot_pal8_4mp.png	spng-zlib	15.942080	9.398940
screenshot_pal8_4mp.png	libpng-zlibng	7.471299	4.083686
screenshot_pal8_4mp.png	libpng-zlib	13.594854	10.270955
screenshot_pal8_4mp.png	spng-zlib	16.406590	9.407245
screenshot_pal8_4mp.png	libpng-zlibng	7.386445	4.018707
screenshot_pal8_4mp.png	spng-zlibng	10.162721	3.389432
screenshot_pal8_4mp.png	spng-zlib	16.324576	9.412244
screenshot_pal8_4mp.png	libpng-zlibng	7.458101	4.059531
screenshot_pal8_4mp.png	spng-zlibng	9.995747	3.368930
screenshot_pal8_4mp.png	libpng-zlib	13.587160	10.270412
screenshot_pal8_4mp.png	libpng-zlibng	7.431611	4.055298
screenshot_pal8_4mp.png	spng-zlibng	10.168802	3.373617
screenshot_pal8_4mp.png	libpng-zlib	13.550108	10.179321
screenshot_pal8_4mp.png	spng-zlib	16.410778	9.422117
screenshot_pal8_4mp.png	spng-zlibng	10.155610	3.386585
screenshot_pal8_4mp.png	libpng-zlib	13.657332	10.263314
screenshot_pal8_4mp.png	spng-zlib	16.305150	9.416052
screenshot_pal8_4mp.png	libpng-zlibng	7.528332	4.081295
screenshot_pal8_4mp.png	libpng-zlib	13.462455	10.062959
screenshot_pal8_4mp.png	spng-zlib	16.312986	9.414852
screenshot_pal8_4mp.png	libpng-zlibng	7.456869	4.080898
screenshot_pal8_4mp.png	spng-zlibng	9.939909	3.384346
screenshot_rgb8_4mp.png	libpng-zlibng	8.733986	5.386726
screenshot_rgb8_4mp.png	spng-zlibng	12.092254	5.362069
screenshot_rgb8_4mp.png	libpng-zlib	29.072924	25.593356
screenshot_rgb8_4mp.png	spng-zlib	32.297154	25.570387
screenshot_rgb8_4mp.png	spng-zlibng	11.630610	5.285900
screenshot_rgb8_4mp.png	libpng-zlib	29.023918	25.634112
screenshot_rgb8_4mp.png	spng-zlib	32.243270	25.547385
screenshot_rgb8_4mp.png	libpng-zlibng	8.719676	5.323527
screenshot_rgb8_4mp.png	libpng-zlib	29.078783	25.611719
screenshot_rgb8_4mp.png	spng-zlib	32.326985	25.565989
screenshot_rgb8_4mp.png	libpng-zlibng	8.746282	5.356431
screenshot_rgb8_4mp.png	spng-zlibng	11.828015	5.279833
screenshot_rgb8_4mp.png	spng-zlib	32.331609	25.512473
screenshot_rgb8_4mp.png	libpng-zlibng	8.748466	5.350807
screenshot_rgb8_4mp.png	spng-zlibng	11.655247	5.303026
screenshot_rgb8_4mp.png	libpng-zlib	29.232828	25.794137
screenshot_rgb8_4mp.png	libpng-zlibng	8.706655	5.335031
screenshot_rgb8_4mp.png	spng-zlibng	11.555731	5.254807
screenshot_rgb8_4mp.png	libpng-zlib	29.126433	25.738623
screenshot_rgb8_4mp.png	spng-zlib	32.330842	25.568007
screenshot_rgb8_4mp.png	spng-zlibng	11.914891	5.369146
screenshot_rgb8_4mp.png	libpng-zlib	29.157986	25.760208
screenshot_rgb8_4mp.png	spng-zlib	32.336002	25.578199
screenshot_rgb8_4mp.png	libpng-zlibng	8.729263	5.346094
screenshot_rgb8_4mp.png	libpng-zlib	29.096888	25.644186
screenshot_rgb8_4mp.png	spng-zlib	32.358581	25.569957
screenshot_rgb8_4mp.png	libpng-zlibng	8.766516	5.367683
screenshot_rgb8_4mp.png	spng-zlibng	11.641891	5.280965
