photo_gray16_9mp.png	native	56.607705	74.108126
photo_gray16_9mp.png	syszlib	64.031391	81.439768
photo_gray16_9mp.png	stb	75.073855	78.907324
photo_gray16_9mp.png	syszlib	63.863287	81.214495
photo_gray16_9mp.png	stb	75.303080	78.837281
photo_gray16_9mp.png	native	56.624751	74.053794
photo_gray16_9mp.png	stb	75.289589	79.245421
photo_gray16_9mp.png	native	56.554900	73.953124
photo_gray16_9mp.png	syszlib	63.894925	81.537341
photo_gray16_9mp.png	native	56.621896	73.934813
photo_gray16_9mp.png	syszlib	63.746828	81.048848
photo_gray16_9mp.png	stb	75.466096	78.850274
photo_gray16_9mp.png	syszlib	63.860500	81.104624
photo_gray16_9mp.png	stb	74.884404	78.687883
photo_gray16_9mp.png	native	56.611813	74.092834
photo_gray16_9mp.png	stb	75.333797	78.845746
photo_gray16_9mp.png	native	56.929492	74.086891
photo_gray16_9mp.png	syszlib	64.032579	81.468272
photo_gray16_9mp.png	native	56.636355	74.084432
photo_gray16_9mp.png	syszlib	63.982656	81.066110
photo_gray16_9mp.png	stb	75.097968	79.406294
photo_gray8_20mp.png	native	81.338785	106.851418
photo_gray8_20mp.png	syszlib	98.522027	124.117527
photo_gray8_20mp.png	stb	136.263955	159.904131
photo_gray8_20mp.png	syszlib	98.469093	123.503033
photo_gray8_20mp.png	stb	136.490171	159.622298
photo_gray8_20mp.png	native	81.428240	107.764035
photo_gray8_20mp.png	stb	136.456573	160.519297
photo_gray8_20mp.png	native	81.297730	107.053200
photo_gray8_20mp.png	syszlib	98.426787	124.210222
photo_gray8_20mp.png	native	81.811789	107.969668
photo_gray8_20mp.png	syszlib	98.612243	124.386931
photo_gray8_20mp.png	stb	137.251720	160.731316
photo_gray8_20mp.png	syszlib	98.532897	123.317068
photo_gray8_20mp.png	stb	136.261669	159.893986
photo_gray8_20mp.png	native	81.482313	107.049817
photo_gray8_20mp.png	stb	136.297017	160.001707
photo_gray8_20mp.png	native	81.512902	107.127585
photo_gray8_20mp.png	syszlib	98.363454	124.181584
photo_gray8_20mp.png	native	81.489971	107.086050
photo_gray8_20mp.png	syszlib	98.624205	124.364508
photo_gray8_20mp.png	stb	137.269454	161.163043
photo_rgb16_9mp.png	native	149.941302	142.736790
photo_rgb16_9mp.png	syszlib	186.134681	178.896076
photo_rgb16_9mp.png	stb	226.880040	220.329644
photo_rgb16_9mp.png	syszlib	186.365128	178.754225
photo_rgb16_9mp.png	stb	227.665791	221.202873
photo_rgb16_9mp.png	native	149.812758	142.520349
photo_rgb16_9mp.png	stb	228.006938	221.188551
photo_rgb16_9mp.png	native	150.240395	142.895582
photo_rgb16_9mp.png	syszlib	186.333623	179.002558
photo_rgb16_9mp.png	native	150.086245	142.664825
photo_rgb16_9mp.png	syszlib	186.047564	178.769962
photo_rgb16_9mp.png	stb	228.353342	221.879760
photo_rgb16_9mp.png	syszlib	186.184354	179.050870
photo_rgb16_9mp.png	stb	228.534348	221.442634
photo_rgb16_9mp.png	native	149.796628	142.583127
photo_rgb16_9mp.png	stb	229.378432	222.152520
photo_rgb16_9mp.png	native	150.078273	142.763149
photo_rgb16_9mp.png	syszlib	186.470339	179.033343
photo_rgb16_9mp.png	native	149.676606	142.606841
photo_rgb16_9mp.png	syszlib	186.080588	178.739274
photo_rgb16_9mp.png	stb	228.296470	221.333460
photo_rgb8_20mp.png	native	174.738200	157.884202
photo_rgb8_20mp.png	syszlib	202.627519	186.250484
photo_rgb8_20mp.png	stb	241.865931	227.143381
photo_rgb8_20mp.png	syszlib	203.194463	186.787267
photo_rgb8_20mp.png	stb	242.365910	228.292020
photo_rgb8_20mp.png	native	174.385254	157.793982
photo_rgb8_20mp.png	stb	242.888166	228.074113
photo_rgb8_20mp.png	native	174.885702	158.354160
photo_rgb8_20mp.png	syszlib	202.711805	186.590840
photo_rgb8_20mp.png	native	174.247734	157.507192
photo_rgb8_20mp.png	syszlib	202.578880	185.735209
photo_rgb8_20mp.png	stb	243.082150	229.414732
photo_rgb8_20mp.png	syszlib	202.976624	186.275924
photo_rgb8_20mp.png	stb	243.950085	229.000781
photo_rgb8_20mp.png	native	175.313641	158.752536
photo_rgb8_20mp.png	stb	244.859945	230.096993
photo_rgb8_20mp.png	native	174.370493	158.092225
photo_rgb8_20mp.png	syszlib	202.832734	186.723530
photo_rgb8_20mp.png	native	174.623585	157.883680
photo_rgb8_20mp.png	syszlib	203.116712	186.758889
photo_rgb8_20mp.png	stb	243.310351	228.424492
photo_rgb8_2mp.png	native	16.117138	14.290241
photo_rgb8_2mp.png	syszlib	20.576858	18.743704
photo_rgb8_2mp.png	stb	23.660713	22.010022
photo_rgb8_2mp.png	syszlib	20.592897	18.753505
photo_rgb8_2mp.png	stb	23.681978	22.040516
photo_rgb8_2mp.png	native	16.086922	14.265945
photo_rgb8_2mp.png	stb	23.656451	21.924503
photo_rgb8_2mp.png	native	16.131996	14.307127
photo_rgb8_2mp.png	syszlib	20.625686	18.817776
photo_rgb8_2mp.png	native	16.097654	14.277329
photo_rgb8_2mp.png	syszlib	20.574752	18.756479
photo_rgb8_2mp.png	stb	23.683181	21.962238
photo_rgb8_2mp.png	syszlib	20.602918	18.773862
photo_rgb8_2mp.png	stb	23.562085	21.928294
photo_rgb8_2mp.png	native	16.119058	14.313904
photo_rgb8_2mp.png	stb	23.651302	22.036672
photo_rgb8_2mp.png	native	16.125050	14.298913
photo_rgb8_2mp.png	syszlib	20.641299	18.818746
photo_rgb8_2mp.png	native	16.102636	14.262965
photo_rgb8_2mp.png	syszlib	20.575840	18.779719
photo_rgb8_2mp.png	stb	23.595200	21.921941
photo_rgba8_9mp.png	native	90.968574	87.812298
photo_rgba8_9mp.png	syszlib	112.673559	110.528444
photo_rgba8_9mp.png	stb	125.733988	123.192139
photo_rgba8_9mp.png	syszlib	112.970691	110.461549
photo_rgba8_9mp.png	stb	126.966827	124.840828
photo_rgba8_9mp.png	native	91.709192	88.837553
photo_rgba8_9mp.png	stb	126.988890	123.174394
photo_rgba8_9mp.png	native	91.037407	87.894530
photo_rgba8_9mp.png	syszlib	112.552237	110.118435
photo_rgba8_9mp.png	native	90.931477	88.225888
photo_rgba8_9mp.png	syszlib	113.179388	110.111927
photo_rgba8_9mp.png	stb	126.244149	124.560259
photo_rgba8_9mp.png	syszlib	113.418347	110.047134
photo_rgba8_9mp.png	stb	126.333991	124.625516
photo_rgba8_9mp.png	native	90.513887	87.921705
photo_rgba8_9mp.png	stb	127.717785	124.279705
photo_rgba8_9mp.png	native	90.679083	88.233258
photo_rgba8_9mp.png	syszlib	112.586415	110.022662
photo_rgba8_9mp.png	native	90.713285	87.868421
photo_rgba8_9mp.png	syszlib	112.198864	109.682175
photo_rgba8_9mp.png	stb	127.299302	124.638519
screenshot_pal8_4mp.png	native	7.216852	3.842187
screenshot_pal8_4mp.png	syszlib	13.170861	9.836520
screenshot_pal8_4mp.png	stb	7.697213	4.643774
screenshot_pal8_4mp.png	syszlib	13.162083	9.812536
screenshot_pal8_4mp.png	stb	7.664513	4.619911
screenshot_pal8_4mp.png	native	7.236746	3.863187
screenshot_pal8_4mp.png	stb	7.692960	4.638437
screenshot_pal8_4mp.png	native	7.212630	3.851836
screenshot_pal8_4mp.png	syszlib	13.232781	9.881409
screenshot_pal8_4mp.png	native	7.175663	3.822051
screenshot_pal8_4mp.png	syszlib	13.251717	9.873875
screenshot_pal8_4mp.png	stb	7.722121	4.664310
screenshot_pal8_4mp.png	syszlib	13.224868	9.862375
screenshot_pal8_4mp.png	stb	7.687588	4.632462
screenshot_pal8_4mp.png	native	7.220184	3.847226
screenshot_pal8_4mp.png	stb	7.685485	4.637846
screenshot_pal8_4mp.png	native	7.152814	3.780796
screenshot_pal8_4mp.png	syszlib	13.196247	9.828022
screenshot_pal8_4mp.png	native	7.231791	3.852381
screenshot_pal8_4mp.png	syszlib	13.268331	9.869929
screenshot_pal8_4mp.png	stb	7.716424	4.665992
screenshot_rgb8_4mp.png	native	8.671049	5.301714
screenshot_rgb8_4mp.png	syszlib	28.872240	25.545491
screenshot_rgb8_4mp.png	stb	13.195661	10.104848
screenshot_rgb8_4mp.png	syszlib	28.821906	25.502020
screenshot_rgb8_4mp.png	stb	13.326199	10.249262
screenshot_rgb8_4mp.png	native	8.697387	5.325408
screenshot_rgb8_4mp.png	stb	13.168362	10.118658
screenshot_rgb8_4mp.png	native	8.658998	5.290967
screenshot_rgb8_4mp.png	syszlib	28.811506	25.480689
screenshot_rgb8_4mp.png	native	8.632284	5.265758
screenshot_rgb8_4mp.png	syszlib	28.842221	25.466518
screenshot_rgb8_4mp.png	stb	13.371857	10.256360
screenshot_rgb8_4mp.png	syszlib	28.804532	25.483066
screenshot_rgb8_4mp.png	stb	13.166762	10.111763
screenshot_rgb8_4mp.png	native	8.690268	5.321422
screenshot_rgb8_4mp.png	stb	13.342121	10.242600
screenshot_rgb8_4mp.png	native	8.663385	5.297275
screenshot_rgb8_4mp.png	syszlib	28.844943	25.400690
screenshot_rgb8_4mp.png	native	8.660241	5.298251
screenshot_rgb8_4mp.png	syszlib	28.829996	25.500230
screenshot_rgb8_4mp.png	stb	13.153818	10.089054
q85_420_2mp.jpg	native	3.402005	5.593154
q85_420_2mp.jpg	native-eighth	2.142153	2.415814
q85_420_2mp.jpg	stb	21.725558	20.071420
q85_420_2mp.jpg	native-eighth	2.144168	2.416271
q85_420_2mp.jpg	stb	21.776212	20.112785
q85_420_2mp.jpg	native	3.408390	5.614085
q85_420_2mp.jpg	stb	21.784532	20.134125
q85_420_2mp.jpg	native	3.409035	5.595291
q85_420_2mp.jpg	native-eighth	2.145178	2.413001
q85_420_2mp.jpg	native	3.395772	5.584139
q85_420_2mp.jpg	native-eighth	2.143082	2.415057
q85_420_2mp.jpg	stb	21.735834	20.096857
q85_420_2mp.jpg	native-eighth	2.143854	2.415835
q85_420_2mp.jpg	stb	21.725955	20.071003
q85_420_2mp.jpg	native	3.406705	5.605653
q85_420_2mp.jpg	stb	21.741961	20.101057
q85_420_2mp.jpg	native	3.404962	5.586350
q85_420_2mp.jpg	native-eighth	2.143055	2.415458
q85_420_2mp.jpg	native	3.401737	5.600074
q85_420_2mp.jpg	native-eighth	2.143852	2.414482
q85_420_2mp.jpg	stb	21.740796	20.114774
q85_420_9mp.jpg	native	19.065058	27.756891
q85_420_9mp.jpg	native-eighth	13.514213	14.582837
q85_420_9mp.jpg	stb	94.486400	87.925497
q85_420_9mp.jpg	native-eighth	13.516097	14.572827
q85_420_9mp.jpg	stb	94.479698	87.951669
q85_420_9mp.jpg	native	19.106696	27.774938
q85_420_9mp.jpg	stb	94.638778	88.184300
q85_420_9mp.jpg	native	19.184680	27.862093
q85_420_9mp.jpg	native-eighth	13.530538	14.537306
q85_420_9mp.jpg	native	19.215623	27.914686
q85_420_9mp.jpg	native-eighth	13.536483	14.594255
q85_420_9mp.jpg	stb	94.709438	88.042470
q85_420_9mp.jpg	native-eighth	13.530916	14.583389
q85_420_9mp.jpg	stb	94.883747	88.081755
q85_420_9mp.jpg	native	19.119067	27.885214
q85_420_9mp.jpg	stb	94.707230	88.049788
q85_420_9mp.jpg	native	19.096583	27.849846
q85_420_9mp.jpg	native-eighth	13.521233	14.522417
q85_420_9mp.jpg	native	19.086791	27.809561
q85_420_9mp.jpg	native-eighth	13.518409	14.521008
q85_420_9mp.jpg	stb	94.672039	88.113543
q90_420_20mp.jpg	native	69.854934	103.318493
q90_420_20mp.jpg	native-eighth	53.821406	56.120827
q90_420_20mp.jpg	stb	267.773278	252.235705
q90_420_20mp.jpg	native-eighth	53.818998	56.129036
q90_420_20mp.jpg	stb	266.826237	251.688576
q90_420_20mp.jpg	native	69.587845	103.076724
q90_420_20mp.jpg	stb	266.305670	251.353537
q90_420_20mp.jpg	native	69.442404	103.041254
q90_420_20mp.jpg	native-eighth	53.770031	56.115337
q90_420_20mp.jpg	native	69.820181	103.499922
q90_420_20mp.jpg	native-eighth	53.801496	56.085952
q90_420_20mp.jpg	stb	266.462917	252.144678
q90_420_20mp.jpg	native-eighth	53.812087	56.158478
q90_420_20mp.jpg	stb	267.088864	251.936854
q90_420_20mp.jpg	native	69.565377	103.835393
q90_420_20mp.jpg	stb	266.255980	251.532486
q90_420_20mp.jpg	native	69.440709	104.180643
q90_420_20mp.jpg	native-eighth	53.798327	56.130207
q90_420_20mp.jpg	native	69.586252	103.083463
q90_420_20mp.jpg	native-eighth	53.772208	56.164559
q90_420_20mp.jpg	stb	266.585278	251.771281
q90_420_prog_20mp.jpg	native	196.664372	222.952900
q90_420_prog_20mp.jpg	native-eighth	184.393802	186.625389
q90_420_prog_20mp.jpg	stb	431.425874	416.356703
q90_420_prog_20mp.jpg	native-eighth	183.052014	187.302542
q90_420_prog_20mp.jpg	stb	430.165654	416.182087
q90_420_prog_20mp.jpg	native	198.824982	223.872477
q90_420_prog_20mp.jpg	stb	430.138669	415.615606
q90_420_prog_20mp.jpg	native	197.653460	222.768530
q90_420_prog_20mp.jpg	native-eighth	185.130613	186.409129
q90_420_prog_20mp.jpg	native	197.970612	223.179111
q90_420_prog_20mp.jpg	native-eighth	185.992974	187.400894
q90_420_prog_20mp.jpg	stb	430.574469	416.348389
q90_420_prog_20mp.jpg	native-eighth	183.137218	185.235733
q90_420_prog_20mp.jpg	stb	430.602071	416.327833
q90_420_prog_20mp.jpg	native	196.593000	222.605163
q90_420_prog_20mp.jpg	stb	430.244381	415.608169
q90_420_prog_20mp.jpg	native	197.258247	222.715454
q90_420_prog_20mp.jpg	native-eighth	183.291352	186.224004
q90_420_prog_20mp.jpg	native	197.471369	222.238200
q90_420_prog_20mp.jpg	native-eighth	183.834011	185.115836
q90_420_prog_20mp.jpg	stb	429.841845	414.951385
q90_444_20mp.jpg	native	75.232365	113.681945
q90_444_20mp.jpg	native-eighth	59.482861	62.974022
q90_444_20mp.jpg	stb	329.884348	315.649889
q90_444_20mp.jpg	native-eighth	59.504342	62.936364
q90_444_20mp.jpg	stb	332.028321	316.408109
q90_444_20mp.jpg	native	75.210875	113.487676
q90_444_20mp.jpg	stb	331.566189	316.107810
q90_444_20mp.jpg	native	75.186823	113.654025
q90_444_20mp.jpg	native-eighth	59.454020	62.905197
q90_444_20mp.jpg	native	75.100308	113.502595
q90_444_20mp.jpg	native-eighth	59.483201	62.990519
q90_444_20mp.jpg	stb	332.215019	316.477090
q90_444_20mp.jpg	native-eighth	59.445865	62.947276
q90_444_20mp.jpg	stb	331.743291	316.554281
q90_444_20mp.jpg	native	75.447978	113.149195
q90_444_20mp.jpg	stb	332.522992	317.406473
q90_444_20mp.jpg	native	75.033003	113.360475
q90_444_20mp.jpg	native-eighth	59.485188	62.884479
q90_444_20mp.jpg	native	75.312067	113.286981
q90_444_20mp.jpg	native-eighth	59.736886	63.201130
q90_444_20mp.jpg	stb	330.737006	316.216150
q90_gray_20mp.jpg	native	70.822825	86.565983
q90_gray_20mp.jpg	native-eighth	55.113928	55.172148
q90_gray_20mp.jpg	stb	145.277037	170.595432
q90_gray_20mp.jpg	native-eighth	55.164535	55.182815
q90_gray_20mp.jpg	stb	144.103897	168.579912
q90_gray_20mp.jpg	native	70.997269	87.002895
q90_gray_20mp.jpg	stb	145.195175	170.777572
q90_gray_20mp.jpg	native	70.898552	86.133704
q90_gray_20mp.jpg	native-eighth	55.146616	55.162319
q90_gray_20mp.jpg	native	70.748481	86.257432
q90_gray_20mp.jpg	native-eighth	55.091003	55.149584
q90_gray_20mp.jpg	stb	144.826298	169.859648
q90_gray_20mp.jpg	native-eighth	55.160343	55.207428
q90_gray_20mp.jpg	stb	144.509994	170.138873
q90_gray_20mp.jpg	native	70.800086	86.182094
q90_gray_20mp.jpg	stb	144.824738	169.783641
q90_gray_20mp.jpg	native	70.877495	87.386326
q90_gray_20mp.jpg	native-eighth	55.133104	55.136992
q90_gray_20mp.jpg	native	71.036454	86.956402
q90_gray_20mp.jpg	native-eighth	55.118833	55.176878
q90_gray_20mp.jpg	stb	144.732954	170.613069
